<?xml version="1.0" encoding="UTF-8"?>
<project-private xmlns="http://www.netbeans.org/ns/project-private/1">
    <editor-bookmarks xmlns="http://www.netbeans.org/ns/editor-bookmarks/2" lastBookmarkId="0"/>
    <open-files xmlns="http://www.netbeans.org/ns/projectui-open-files/2">
        <group>
            <file>file:/C:/Users/Mehedi%20Hasan/Documents/NetBeansProjects/ExamHall/src/examhall/ExamPage.java</file>
            <file>file:/C:/Users/Mehedi%20Hasan/Documents/NetBeansProjects/ExamHall/src/examhall/Registration.java</file>
            <file>file:/C:/Users/Mehedi%20Hasan/Documents/NetBeansProjects/ExamHall/src/examhall/SubjectSelection.java</file>
            <file>file:/C:/Users/Mehedi%20Hasan/Documents/NetBeansProjects/ExamHall/src/examhall/LogIn.java</file>
            <file>file:/C:/Users/Mehedi%20Hasan/Documents/NetBeansProjects/ExamHall/src/examhall/DBConnect.java</file>
            <file>file:/C:/Users/Mehedi%20Hasan/Documents/NetBeansProjects/ExamHall/src/examhall/LogIn.jpg</file>
        </group>
    </open-files>
</project-private>
